{"cameraMode":{"drawMode":0,"name":"Shaded","section":"Shading Mode"},"sceneLighting":false,"audioPlay":false,"sceneViewState":{"m_AlwaysRefresh":false,"showFog":true,"showSkybox":false,"showFlares":true,"showImageEffects":true,"showParticleSystems":true,"showVisualEffectGraphs":true,"m_FxEnabled":true},"in2DMode":false,"pivot":{"x":18.91283416748047,"y":0.9332010746002197,"z":-0.012770771980285645},"rotation":{"x":0.04198719561100006,"y":-0.0044960142113268379,"z":0.00018894241657108068,"w":0.9991079568862915},"size":1.9640305042266846,"orthographic":false}