{"cameraMode":{"drawMode":0,"name":"Shaded","section":"Shading Mode"},"sceneLighting":true,"audioPlay":false,"sceneViewState":{"m_AlwaysRefresh":false,"showFog":true,"showSkybox":true,"showFlares":true,"showImageEffects":true,"showParticleSystems":true,"showVisualEffectGraphs":true,"m_FxEnabled":true},"in2DMode":false,"pivot":{"x":8.632609367370606,"y":-11.833702087402344,"z":93.94126892089844},"rotation":{"x":0.07193103432655335,"y":0.013464247807860375,"z":-0.000971165660303086,"w":0.9973182678222656},"size":65.79192352294922,"orthographic":false}